{"shift-25m": [[52.04012245683092, -0.7850714386997083], [52.040012457278564, -0.7848014393369972]], "shift-15m": [[52.040197474157196, -0.7849908634224958], [52.0400874744207, -0.7847208638049359]], "shift-8m": [[52.04024998625289, -0.7849344605675277], [52.040139986387494, -0.7846644607715741]], "shift+8m": [[52.04037001379907, -0.7848055392585374], [52.04026001363905, -0.7845355390548288]], "shift+15m": [[52.040422525806285, -0.7847491359681378], [52.040312525517365, -0.7844791355860372]], "shift+25m": [[52.04049754291276, -0.7846685596091085], [52.04038754243969, -0.7843985589721627]], "infield_pinch": [[52.039337343078195, -0.783825367063789], [52.03969712466637, -0.7838253729410483]]}