{"plan_sf_latlon": [52.03948500194747, -0.7830616522148506], "plan_sf_px": [1085.8878326996198, 770.9011406844106], "icp_residual_m": 4.256109955680487, "affine_px_to_lonlat": [[-1.338179425835399e-06, 5.244997855587535e-07], [4.746510968436316e-07, -7.440062138180936e-07], [-0.7819744485303508, 52.039489009250985]], "cfg": [true, true, false]}