{"img": "/Users/daniil/Desktop/Tracks/MK/gmaps_sat.png", "W": 1732, "H": 1488, "M": [[308354.51110459765, 756.0489120799793], [-4977.618159482491, -626408.9768027177]], "c": [202842.85434820972, 32595001.705961064], "trace_json": ".startline_tmp/trace_0060.json"}